Logfile, Timestamp, Log Level, NID, Class, Output1, Output2
21-04-15,"16:36:17.142",,INFO,[1000000007648305],routing.{oee}-OEENode,Time taken (OEE:handle): 790 ,,,,
21-04-15,"16:36:16.346",,INFO,[1000000007674257],routing.{oee}-OEENode,Time taken (OEE:handle): 7 ,,,,
21-04-15,"16:36:16.391",,INFO,[1000000007674258],routing.{oee}-OEENode,Time taken (OEE:handle): 9 ,,,,
21-04-15,"16:36:16.380",,INFO,[1000000007674259],routing.{oee}-OEENode,Time taken (OEE:handle): 20 ,,,,
21-04-15,"16:36:16.336",,INFO,[1000000007674260],routing.{oee}-OEENode,Time taken (OEE:handle): 12 ,,,,
21-04-15,"16:36:16.350",,INFO,[1000000007674261],routing.{oee}-OEENode,Time taken (OEE:handle): 10 ,,,,
21-04-15,"16:36:16.370",,INFO,[1000000007674262],routing.{oee}-OEENode,Time taken (OEE:handle): 9 ,,,,
21-04-15,"16:36:16.383",,INFO,[1000000007674263],routing.{oee}-OEENode,Time taken (OEE:handle): 7 ,,,,
21-04-15,"16:36:16.349",,INFO,[1000000007674264],routing.{oee}-OEENode,Time taken (OEE:handle): 9 ,,,,
21-04-15,"16:36:16.319",,INFO,[1000000007674265],routing.{oee}-OEENode,Time taken (OEE:handle): 22 ,,,,
21-04-15,"16:36:16.321",,INFO,[1000000007674294],routing.{oee}-OEENode,Time taken (OEE:handle): 15 ,,,,
21-04-15,"16:36:16.336",,INFO,[1000000007674295],routing.{oee}-OEENode,Time taken (OEE:handle): 8 ,,,,
21-04-15,"16:36:16.340",,INFO,[1000000007674296],routing.{oee}-OEENode,Time taken (OEE:handle): 12 ,,,,
21-04-15,"16:36:16.351",,INFO,[1000000007674297],routing.{oee}-OEENode,Time taken (OEE:handle): 6 ,,,,
21-04-15,"16:36:16.324",,INFO,[1000000007674298],routing.{oee}-OEENode,Time taken (OEE:handle): 18 ,,,,
21-04-15,"16:36:16.334",,INFO,[1000000007674299],routing.{oee}-OEENode,Time taken (OEE:handle): 5 ,,,,
21-04-15,"16:36:16.392",,INFO,[1000000007674300],routing.{oee}-OEENode,Time taken (OEE:handle): 8 ,,,,
21-04-15,"16:36:16.339",,INFO,[1000000007674301],routing.{oee}-OEENode,Time taken (OEE:handle): 10 ,,,,
21-04-15,"16:36:16.389",,INFO,[1000000007674302],routing.{oee}-OEENode,Time taken (OEE:handle): 5 ,,,,
21-04-15,"16:36:16.380",,INFO,[1000000007674324],routing.{oee}-OEENode,Time taken (OEE:handle): 5 ,,,,
21-04-15,"16:36:16.361",,INFO,[1000000007674325],routing.{oee}-OEENode,Time taken (OEE:handle): 9 ,,,,
21-04-15,"16:36:16.367",,INFO,[1000000007674326],routing.{oee}-OEENode,Time taken (OEE:handle): 7 ,,,,
21-04-15,"16:36:16.316",,INFO,[1000000007674327],routing.{oee}-OEENode,Time taken (OEE:handle): 154 ,,,,
21-04-15,"16:36:16.304",,INFO,[1000000007674328],routing.{oee}-OEENode,Time taken (OEE:handle): 142 ,,,,
21-04-15,"16:36:16.296",,INFO,[1000000007674329],routing.{oee}-OEENode,Time taken (OEE:handle): 133 ,,,,
21-04-15,"16:36:16.333",,INFO,[1000000007674330],routing.{oee}-OEENode,Time taken (OEE:handle): 12 ,,,,
21-04-15,"16:36:16.376",,INFO,[1000000007674331],routing.{oee}-OEENode,Time taken (OEE:handle): 16 ,,,,
21-04-15,"16:36:16.308",,INFO,[1000000007674332],routing.{oee}-OEENode,Time taken (OEE:handle): 145 ,,,,
21-04-15,"16:36:16.354",,INFO,[1000000007675163],routing.{oee}-OEENode,Time taken (OEE:handle): 16 Brown is always test data ,,,,,
21-04-15,"16:36:16.314",,INFO,[1000000007675164],routing.{oee}-OEENode,Time taken (OEE:handle): 138 ,,,,
21-04-15,"16:36:16.329",,INFO,[1000000007675165],routing.{oee}-OEENode,Time taken (OEE:handle): 15 ,,,,
21-04-15,"16:36:16.331",,INFO,[1000000007675166],routing.{oee}-OEENode,Time taken (OEE:handle): 15 ,,,,
21-04-15,"16:36:16.346",,INFO,[1000000007675167],routing.{oee}-OEENode,Time taken (OEE:handle): 8 ,,,,
21-04-15,"16:36:16.327",,INFO,[1000000007675168],routing.{oee}-OEENode,Time taken (OEE:handle): 10 ,,,,
21-04-15,"16:36:16.313",,INFO,[1000000007675169],routing.{oee}-OEENode,Time taken (OEE:handle): 151 ,,,,
21-04-15,"16:36:16.300",,INFO,[1000000007675170],routing.{oee}-OEENode,Time taken (OEE:handle): 124 ,,,,
21-04-15,"16:36:16.335",,INFO,[1000000007675171],routing.{oee}-OEENode,Time taken (OEE:handle): 16 ,,,,
21-04-15,"16:36:16.326",,INFO,[1000000007675172],routing.{oee}-OEENode,Time taken (OEE:handle): 30 ,,,,
21-04-15,"16:36:16.368",,INFO,[1000000007675173],routing.{oee}-OEENode,Time taken (OEE:handle): 8 ,,,,
21-04-15,"16:36:16.382",,INFO,[1000000007675174],routing.{oee}-OEENode,Time taken (OEE:handle): 11 ,,,,
21-04-15,"16:36:16.306",,INFO,[1000000007675175],routing.{oee}-OEENode,Time taken (OEE:handle): 144 ,,,,
21-04-15,"16:36:16.370",,INFO,[1000000007675176],routing.{oee}-OEENode,Time taken (OEE:handle): 10 ,,,,
21-04-15,"16:36:16.357",,INFO,[1000000007675177],routing.{oee}-OEENode,Time taken (OEE:handle): 19 ,,,,
21-04-15,"16:36:16.348",,INFO,[1000000007675178],routing.{oee}-OEENode,Time taken (OEE:handle): 5 ,,,,
21-04-15,"16:36:16.390",,INFO,[1000000007680332],routing.{oee}-OEENode,Time taken (OEE:handle): 9 ,,,,
21-04-15,"16:36:16.377",,INFO,[1000000007680432],routing.{oee}-OEENode,Time taken (OEE:handle): 7 ,,,,
21-04-15,"16:36:16.310",,INFO,[1000000007680434],routing.{oee}-OEENode,Time taken (OEE:handle): 149 ,,,,
21-04-15,"16:36:16.311",,INFO,[1000000007680435],routing.{oee}-OEENode,Time taken (OEE:handle): 149 ,,,,
21-04-15,"16:36:16.330",,INFO,[1000000007682357],routing.{oee}-OEENode,Time taken (OEE:handle): 17 ,,,,
21-04-15,"16:36:16.388",,INFO,[1000000007682358],routing.{oee}-OEENode,Time taken (OEE:handle): 7 ,,,,
21-04-15,"16:36:16.345",,INFO,[1000000007682359],routing.{oee}-OEENode,Time taken (OEE:handle): 9 ,,,,
21-04-15,"16:36:16.329",,INFO,[1000000007683587],routing.{oee}-OEENode,Time taken (OEE:handle): 15 ,,,,
21-04-15,"16:36:16.338",,INFO,[1000000007683887],routing.{oee}-OEENode,Time taken (OEE:handle): 14 ,,,,
21-04-15,"16:36:16.317",,INFO,[1000000007683970],routing.{oee}-OEENode,Time taken (OEE:handle): 17 ,,,,
21-04-15,"16:36:16.359",,INFO,[1000000007684008],routing.{oee}-OEENode,Time taken (OEE:handle): 7 ,,,,
21-04-15,"16:36:16.327",,INFO,[1000000007684009],routing.{oee}-OEENode,Time taken (OEE:handle): 13 ,,,,
21-04-15,"16:36:16.383",,INFO,[1000000007684011],routing.{oee}-OEENode,Time taken (OEE:handle): 12 ,,,,
21-04-15,"16:36:16.348",,INFO,[1000000007684012],routing.{oee}-OEENode,Time taken (OEE:handle): 10 ,,,,
21-04-15,"16:36:16.324",,INFO,[1000000007684035],routing.{oee}-OEENode,Time taken (OEE:handle): 26 ,,,,
21-04-15,"16:36:16.391",,INFO,[1000000007684208],routing.{oee}-OEENode,Time taken (OEE:handle): 10 ,,,,
21-04-15,"16:36:16.356",,INFO,[1000000007684209],routing.{oee}-OEENode,Time taken (OEE:handle): 5 ,,,,
21-04-15,"16:36:16.298",,INFO,[1000000007684211],routing.{oee}-OEENode,Time taken (OEE:handle): 136 ,,,,
21-04-15,"16:36:16.369",,INFO,[1000000007684668],routing.{oee}-OEENode,Time taken (OEE:handle): 6 ,,,,
21-04-15,"16:36:16.307",,INFO,[1000000007684918],routing.{oee}-OEENode,Time taken (OEE:handle): 142 ,,,,
21-04-15,"16:36:16.357",,INFO,[1000000007684919],routing.{oee}-OEENode,Time taken (OEE:handle): 5 ,,,,
21-04-15,"16:36:16.377",,INFO,[1000000007684922],routing.{oee}-OEENode,Time taken (OEE:handle): 6 ,,,,
21-04-15,"16:36:16.389",,INFO,[1000000007684923],routing.{oee}-OEENode,Time taken (OEE:handle): 8 ,,,,
21-04-15,"16:36:16.352",,INFO,[1000000007685115],routing.{oee}-OEENode,Time taken (OEE:handle): 15 ,,,,
21-04-15,"16:36:16.378",,INFO,[1000000007685187],routing.{oee}-OEENode,Time taken (OEE:handle): 8 ,,,,
21-04-15,"16:36:16.358",,INFO,[1000000007685650],routing.{oee}-OEENode,Time taken (OEE:handle): 5 ,,,,
21-04-15,"16:36:16.355",,INFO,[1000000007688658],routing.{oee}-OEENode,Time taken (OEE:handle): 8 ,,,,
21-04-15,"16:36:16.375",,INFO,[1000000007716478],routing.{oee}-OEENode,Time taken (OEE:handle): 6 ,,,,
21-04-15,"16:36:16.658",,INFO,[1000000007716689],routing.{oee}-OEENode,Time taken (OEE:handle): 351 ,,,,
21-04-15,"16:36:16.657",,INFO,[1000000007716694],routing.{oee}-OEENode,Time taken (OEE:handle): 293 ,,,,
21-04-15,"16:36:16.393",,INFO,[1000000007716703],routing.{oee}-OEENode,Time taken (OEE:handle): 4 ,,,,
21-04-15,"16:36:16.362",,INFO,[1000000007716705],routing.{oee}-OEENode,Time taken (OEE:handle): 5 ,,,,
21-04-15,"16:36:16.342",,INFO,[1000000007716707],routing.{oee}-OEENode,Time taken (OEE:handle): 9 ,,,,
21-04-15,"16:36:16.362",,INFO,[1000000007716713],routing.{oee}-OEENode,Time taken (OEE:handle): 5 ,,,,
21-04-15,"16:36:16.355",,INFO,[1000000007716715],routing.{oee}-OEENode,Time taken (OEE:handle): 6 ,,,,
21-04-15,"16:36:16.340",,INFO,[1000000007716721],routing.{oee}-OEENode,Time taken (OEE:handle): 7 ,,,,
21-04-15,"16:36:16.364",,INFO,[1000000007716728],routing.{oee}-OEENode,Time taken (OEE:handle): 6 ,,,,
21-04-15,"16:36:16.386",,INFO,[1000000007716732],routing.{oee}-OEENode,Time taken (OEE:handle): 7 ,,,,
21-04-15,"16:36:16.297",,INFO,[1000000007716734],routing.{oee}-OEENode,Time taken (OEE:handle): 123 ,,,,
21-04-15,"16:36:16.649",,INFO,[1000000007731823],routing.{oee}-OEENode,Time taken (OEE:handle): 483 ,,,,
21-04-15,"16:36:16.674",,INFO,[1000000007731824],routing.{oee}-OEENode,Time taken (OEE:handle): 343 ,,,,
21-04-15,"16:36:16.667",,INFO,[1000000007731825],routing.{oee}-OEENode,Time taken (OEE:handle): 354 ,,,,
21-04-15,"16:36:17.131",,INFO,[1000000007731826],routing.{oee}-OEENode,Time taken (OEE:handle): 955 ,,,,
21-04-15,"16:36:16.659",,INFO,[1000000007731827],routing.{oee}-OEENode,Time taken (OEE:handle): 268 ,,,,
21-04-15,"16:37:09.298",,INFO,[1000000007742854],routing.{oee}-OEENode,Time taken (OEE:handle): 3605 ,,,,
21-04-15,"16:37:16.136",,INFO,[1000000007742854],routing.{oee}-OEENode,Time taken (OEE:handle): 45 ,,,,
21-04-15,"16:37:09.297",,INFO,[1000000007742855],routing.{oee}-OEENode,Time taken (OEE:handle): 3543 ,,,,
21-04-15,"16:37:16.129",,INFO,[1000000007742855],routing.{oee}-OEENode,Time taken (OEE:handle): 28 ,,,,
22-04-15,"07:37:45.781",,INFO,[1000000007743156],routing.{oee}-OEENode,Time taken (OEE:handle): 16 ,,,,
22-04-15,"07:37:54.378",,INFO,[1000000007743157],routing.{oee}-OEENode,Time taken (OEE:handle): 23 ,,,,
22-04-15,"07:37:54.766",,INFO,[1000000007743158],routing.{oee}-OEENode,Time taken (OEE:handle): 21 ,,,,
22-04-15,"07:37:45.035",,INFO,[1000000007743159],routing.{oee}-OEENode,Time taken (OEE:handle): 112 ,,,,
22-04-15,"07:37:44.984",,INFO,[1000000007743160],routing.{oee}-OEENode,Time taken (OEE:handle): 61 ,,,,
22-04-15,"07:37:56.300",,INFO,[1000000007743161],routing.{oee}-OEENode,Time taken (OEE:handle): 18 ,,,,
22-04-15,"07:37:55.274",,INFO,[1000000007743162],routing.{oee}-OEENode,Time taken (OEE:handle): 21 ,,,,
22-04-15,"07:37:56.890",,INFO,[1000000007743163],routing.{oee}-OEENode,Time taken (OEE:handle): 16 ,,,,
22-04-15,"07:37:55.280",,INFO,[1000000007743164],routing.{oee}-OEENode,Time taken (OEE:handle): 20 ,,,,
22-04-15,"07:37:55.856",,INFO,[1000000007743165],routing.{oee}-OEENode,Time taken (OEE:handle): 25 ,,,,
22-04-15,"07:37:56.396",,INFO,[1000000007743166],routing.{oee}-OEENode,Time taken (OEE:handle): 15 ,,,,
22-04-15,"07:37:56.895",,INFO,[1000000007743167],routing.{oee}-OEENode,Time taken (OEE:handle): 18 ,,,,
22-04-15,"07:37:57.908",,INFO,[1000000007743168],routing.{oee}-OEENode,Time taken (OEE:handle): 18 ,,,,
22-04-15,"07:37:57.392",,INFO,[1000000007743169],routing.{oee}-OEENode,Time taken (OEE:handle): 15 ,,,,
22-04-15,"07:37:58.130",,INFO,[1000000007743170],routing.{oee}-OEENode,Time taken (OEE:handle): 14 ,,,,
22-04-15,"07:38:00.909",,INFO,[1000000007743171],routing.{oee}-OEENode,Time taken (OEE:handle): 17 ,,,,
22-04-15,"07:38:00.913",,INFO,[1000000007743172],routing.{oee}-OEENode,Time taken (OEE:handle): 17 ,,,,
22-04-15,"07:38:01.841",,INFO,[1000000007743173],routing.{oee}-OEENode,Time taken (OEE:handle): 17 ,,,,
22-04-15,"07:38:01.835",,INFO,[1000000007743174],routing.{oee}-OEENode,Time taken (OEE:handle): 15 ,,,,
22-04-15,"07:38:10.385",,INFO,[1000000007743175],routing.{oee}-OEENode,Time taken (OEE:handle): 18 ,,,,
22-04-15,"07:38:10.395",,INFO,[1000000007743176],routing.{oee}-OEENode,Time taken (OEE:handle): 19 ,,,,
22-04-15,"07:38:10.507",,INFO,[1000000007743177],routing.{oee}-OEENode,Time taken (OEE:handle): 18 ,,,,
22-04-15,"07:38:10.620",,INFO,[1000000007743178],routing.{oee}-OEENode,Time taken (OEE:handle): 22 ,,,,
22-04-15,"07:38:10.492",,INFO,[1000000007743179],routing.{oee}-OEENode,Time taken (OEE:handle): 16 ,,,,
22-04-15,"07:38:10.384",,INFO,[1000000007743180],routing.{oee}-OEENode,Time taken (OEE:handle): 23 ,,,,
22-04-15,"07:38:12.179",,INFO,[1000000007743181],routing.{oee}-OEENode,Time taken (OEE:handle): 22 ,,,,
22-04-15,"07:38:11.320",,INFO,[1000000007743182],routing.{oee}-OEENode,Time taken (OEE:handle): 19 ,,,,
22-04-15,"07:38:10.704",,INFO,[1000000007743183],routing.{oee}-OEENode,Time taken (OEE:handle): 19 ,,,,
22-04-15,"07:38:11.328",,INFO,[1000000007743184],routing.{oee}-OEENode,Time taken (OEE:handle): 18 ,,,,
22-04-15,"07:38:11.992",,INFO,[1000000007743185],routing.{oee}-OEENode,Time taken (OEE:handle): 21 ,,,,
22-04-15,"07:38:15.067",,INFO,[1000000007743186],routing.{oee}-OEENode,Time taken (OEE:handle): 24 ,,,,
22-04-15,"07:38:16.416",,INFO,[1000000007743187],routing.{oee}-OEENode,Time taken (OEE:handle): 15 ,,,,
22-04-15,"07:38:16.533",,INFO,[1000000007743188],routing.{oee}-OEENode,Time taken (OEE:handle): 17 ,,,,
22-04-15,"07:38:15.846",,INFO,[1000000007743189],routing.{oee}-OEENode,Time taken (OEE:handle): 19 ,,,,
22-04-15,"07:38:27.161",,INFO,[1000000007743190],routing.{oee}-OEENode,Time taken (OEE:handle): 16 ,,,,
22-04-15,"07:38:28.370",,INFO,[1000000007743191],routing.{oee}-OEENode,Time taken (OEE:handle): 16 ,,,,
22-04-15,"07:38:27.260",,INFO,[1000000007743192],routing.{oee}-OEENode,Time taken (OEE:handle): 16 ,,,,
22-04-15,"07:38:28.401",,INFO,[1000000007743193],routing.{oee}-OEENode,Time taken (OEE:handle): 21 ,,,,
22-04-15,"07:38:27.553",,INFO,[1000000007743194],routing.{oee}-OEENode,Time taken (OEE:handle): 18 ,,,,
22-04-15,"07:38:27.529",,INFO,[1000000007743195],routing.{oee}-OEENode,Time taken (OEE:handle): 22 ,,,,
22-04-15,"07:38:28.367",,INFO,[1000000007743196],routing.{oee}-OEENode,Time taken (OEE:handle): 19 ,,,,
22-04-15,"07:38:28.363",,INFO,[1000000007743197],routing.{oee}-OEENode,Time taken (OEE:handle): 15 ,,,,
22-04-15,"07:38:27.966",,INFO,[1000000007743198],routing.{oee}-OEENode,Time taken (OEE:handle): 20 ,,,,
22-04-15,"07:38:28.708",,INFO,[1000000007743199],routing.{oee}-OEENode,Time taken (OEE:handle): 19 ,,,,
22-04-15,"07:38:30.065",,INFO,[1000000007743200],routing.{oee}-OEENode,Time taken (OEE:handle): 23 ,,,,
22-04-15,"07:38:32.215",,INFO,[1000000007743201],routing.{oee}-OEENode,Time taken (OEE:handle): 17 ,,,,
22-04-15,"07:38:32.997",,INFO,[1000000007743202],routing.{oee}-OEENode,Time taken (OEE:handle): 18 ,,,,
22-04-15,"07:38:33.861",,INFO,[1000000007743203],routing.{oee}-OEENode,Time taken (OEE:handle): 15 ,,,,
22-04-15,"07:38:33.883",,INFO,[1000000007743204],routing.{oee}-OEENode,Time taken (OEE:handle): 17 ,,,,
22-04-15,"07:38:35.020",,INFO,[1000000007743205],routing.{oee}-OEENode,Time taken (OEE:handle): 16 ,,,,
22-04-15,"07:38:34.859",,INFO,[1000000007743206],routing.{oee}-OEENode,Time taken (OEE:handle): 20 ,,,,
22-04-15,"07:38:34.365",,INFO,[1000000007743207],routing.{oee}-OEENode,Time taken (OEE:handle): 19 ,,,,
22-04-15,"07:38:35.229",,INFO,[1000000007743208],routing.{oee}-OEENode,Time taken (OEE:handle): 20 ,,,,
22-04-15,"07:38:43.809",,INFO,[1000000007743209],routing.{oee}-OEENode,Time taken (OEE:handle): 21 ,,,,
22-04-15,"07:38:42.604",,INFO,[1000000007743210],routing.{oee}-OEENode,Time taken (OEE:handle): 18 ,,,,
22-04-15,"07:38:42.904",,INFO,[1000000007743211],routing.{oee}-OEENode,Time taken (OEE:handle): 17 ,,,,
22-04-15,"07:38:43.167",,INFO,[1000000007743212],routing.{oee}-OEENode,Time taken (OEE:handle): 12 ,,,,
22-04-15,"07:38:42.803",,INFO,[1000000007743213],routing.{oee}-OEENode,Time taken (OEE:handle): 18 ,,,,
22-04-15,"07:38:43.417",,INFO,[1000000007743214],routing.{oee}-OEENode,Time taken (OEE:handle): 14 ,,,,
22-04-15,"07:38:44.299",,INFO,[1000000007743215],routing.{oee}-OEENode,Time taken (OEE:handle): 18 ,,,,
22-04-15,"07:38:47.507",,INFO,[1000000007743216],routing.{oee}-OEENode,Time taken (OEE:handle): 17 ,,,,
22-04-15,"07:38:47.600",,INFO,[1000000007743217],routing.{oee}-OEENode,Time taken (OEE:handle): 15 ,,,,
22-04-15,"07:38:48.531",,INFO,[1000000007743218],routing.{oee}-OEENode,Time taken (OEE:handle): 18 ,,,,
22-04-15,"07:38:48.802",,INFO,[1000000007743219],routing.{oee}-OEENode,Time taken (OEE:handle): 19 ,,,,
22-04-15,"07:38:49.292",,INFO,[1000000007743220],routing.{oee}-OEENode,Time taken (OEE:handle): 16 ,,,,
22-04-15,"07:38:49.280",,INFO,[1000000007743221],routing.{oee}-OEENode,Time taken (OEE:handle): 14 ,,,,
22-04-15,"07:38:50.544",,INFO,[1000000007743222],routing.{oee}-OEENode,Time taken (OEE:handle): 15 ,,,,
22-04-15,"07:38:50.307",,INFO,[1000000007743223],routing.{oee}-OEENode,Time taken (OEE:handle): 15 ,,,,
22-04-15,"07:38:50.680",,INFO,[1000000007743224],routing.{oee}-OEENode,Time taken (OEE:handle): 19 ,,,,
22-04-15,"07:38:49.812",,INFO,[1000000007743225],routing.{oee}-OEENode,Time taken (OEE:handle): 18 ,,,,
22-04-15,"07:38:50.651",,INFO,[1000000007743226],routing.{oee}-OEENode,Time taken (OEE:handle): 14 ,,,,
22-04-15,"07:38:50.799",,INFO,[1000000007743227],routing.{oee}-OEENode,Time taken (OEE:handle): 18 ,,,,
22-04-15,"07:38:50.808",,INFO,[1000000007743228],routing.{oee}-OEENode,Time taken (OEE:handle): 17 ,,,,
22-04-15,"07:38:51.674",,INFO,[1000000007743229],routing.{oee}-OEENode,Time taken (OEE:handle): 19 ,,,,
22-04-15,"07:38:51.804",,INFO,[1000000007743230],routing.{oee}-OEENode,Time taken (OEE:handle): 15 ,,,,
22-04-15,"07:39:02.337",,INFO,[1000000007743231],routing.{oee}-OEENode,Time taken (OEE:handle): 15 ,,,,
22-04-15,"07:39:01.947",,INFO,[1000000007743232],routing.{oee}-OEENode,Time taken (OEE:handle): 19 ,,,,
22-04-15,"07:39:03.897",,INFO,[1000000007743233],routing.{oee}-OEENode,Time taken (OEE:handle): 16 ,,,,
22-04-15,"07:39:04.348",,INFO,[1000000007743234],routing.{oee}-OEENode,Time taken (OEE:handle): 17 ,,,,
22-04-15,"07:39:04.556",,INFO,[1000000007743235],routing.{oee}-OEENode,Time taken (OEE:handle): 18 ,,,,
22-04-15,"07:39:03.904",,INFO,[1000000007743236],routing.{oee}-OEENode,Time taken (OEE:handle): 14 ,,,,
22-04-15,"07:39:04.358",,INFO,[1000000007743237],routing.{oee}-OEENode,Time taken (OEE:handle): 16 ,,,,
22-04-15,"07:39:05.355",,INFO,[1000000007743238],routing.{oee}-OEENode,Time taken (OEE:handle): 16 ,,,,
22-04-15,"07:39:05.343",,INFO,[1000000007743239],routing.{oee}-OEENode,Time taken (OEE:handle): 16 ,,,,
22-04-15,"07:39:04.693",,INFO,[1000000007743240],routing.{oee}-OEENode,Time taken (OEE:handle): 16 ,,,,
22-04-15,"07:39:05.759",,INFO,[1000000007743241],routing.{oee}-OEENode,Time taken (OEE:handle): 20 ,,,,
22-04-15,"07:39:06.092",,INFO,[1000000007743242],routing.{oee}-OEENode,Time taken (OEE:handle): 15 ,,,,
22-04-15,"07:39:06.287",,INFO,[1000000007743243],routing.{oee}-OEENode,Time taken (OEE:handle): 21 ,,,,
22-04-15,"07:39:06.915",,INFO,[1000000007743244],routing.{oee}-OEENode,Time taken (OEE:handle): 16 ,,,,
22-04-15,"07:39:06.213",,INFO,[1000000007743245],routing.{oee}-OEENode,Time taken (OEE:handle): 26 ,,,,
22-04-15,"07:39:16.418",,INFO,[1000000007743246],routing.{oee}-OEENode,Time taken (OEE:handle): 19 ,,,,
22-04-15,"07:39:17.277",,INFO,[1000000007743247],routing.{oee}-OEENode,Time taken (OEE:handle): 16 ,,,,
22-04-15,"07:39:18.929",,INFO,[1000000007743248],routing.{oee}-OEENode,Time taken (OEE:handle): 18 ,,,,
22-04-15,"07:39:18.803",,INFO,[1000000007743249],routing.{oee}-OEENode,Time taken (OEE:handle): 19 ,,,,
22-04-15,"07:39:17.972",,INFO,[1000000007743250],routing.{oee}-OEENode,Time taken (OEE:handle): 13 ,,,,
22-04-15,"07:39:19.086",,INFO,[1000000007743251],routing.{oee}-OEENode,Time taken (OEE:handle): 18 ,,,,
22-04-15,"07:39:19.177",,INFO,[1000000007743252],routing.{oee}-OEENode,Time taken (OEE:handle): 18 ,,,,
22-04-15,"07:39:19.870",,INFO,[1000000007743253],routing.{oee}-OEENode,Time taken (OEE:handle): 15 ,,,,
22-04-15,"07:39:20.102",,INFO,[1000000007743254],routing.{oee}-OEENode,Time taken (OEE:handle): 18 ,,,,
22-04-15,"07:39:19.725",,INFO,[1000000007743255],routing.{oee}-OEENode,Time taken (OEE:handle): 15 ,,,,
22-04-15,"07:39:19.353",,INFO,[1000000007743256],routing.{oee}-OEENode,Time taken (OEE:handle): 16 ,,,,
22-04-15,"07:39:20.583",,INFO,[1000000007743257],routing.{oee}-OEENode,Time taken (OEE:handle): 20 ,,,,
22-04-15,"07:39:21.397",,INFO,[1000000007743258],routing.{oee}-OEENode,Time taken (OEE:handle): 19 ,,,,
22-04-15,"07:39:20.596",,INFO,[1000000007743259],routing.{oee}-OEENode,Time taken (OEE:handle): 19 ,,,,
22-04-15,"07:39:21.611",,INFO,[1000000007743260],routing.{oee}-OEENode,Time taken (OEE:handle): 23 ,,,,
22-04-15,"07:39:23.174",,INFO,[1000000007743261],routing.{oee}-OEENode,Time taken (OEE:handle): 18 ,,,,
22-04-15,"07:39:24.020",,INFO,[1000000007743262],routing.{oee}-OEENode,Time taken (OEE:handle): 13 ,,,,
22-04-15,"10:04:09.249",,INFO,[1000000007743956],routing.{oee}-OEENode,Time taken (OEE:handle): 1052 ,,,,
22-04-15,"10:11:12.896",,INFO,[1000000007743957],routing.{oee}-OEENode,Time taken (OEE:handle): 2539 ,,,,
22-04-15,"10:36:39.250",,INFO,[1000000007743958],routing.{oee}-OEENode,Time taken (OEE:handle): 2100 ,,,,
22-04-15,"10:36:50.442",,INFO,[1000000007743958],routing.{oee}-OEENode,Time taken (OEE:handle): 23 ,,,,
22-04-15,"10:36:43.056",,INFO,[1000000007743959],routing.{oee}-OEENode,Time taken (OEE:handle): 1458 ,,,,
22-04-15,"10:36:52.068",,INFO,[1000000007743959],routing.{oee}-OEENode,Time taken (OEE:handle): 23 ,,,,
22-04-15,"10:36:43.199",,INFO,[1000000007743960],routing.{oee}-OEENode,Time taken (OEE:handle): 1565 ,,,,
22-04-15,"10:36:51.728",,INFO,[1000000007743960],routing.{oee}-OEENode,Time taken (OEE:handle): 20 ,,,,
22-04-15,"11:09:34.372",,INFO,[1000000007743961],routing.{oee}-OEENode,Time taken (OEE:handle): 2062 ,,,,
22-04-15,"11:09:50.473",,INFO,[1000000007743961],routing.{oee}-OEENode,Time taken (OEE:handle): 41 ,,,,
22-04-15,"11:09:46.930",,INFO,[1000000007743962],routing.{oee}-OEENode,Time taken (OEE:handle): 1437 ,,,,
22-04-15,"11:10:51.404",,INFO,[1000000007743962],routing.{oee}-OEENode,Time taken (OEE:handle): 321 ,,,,
22-04-15,"11:09:54.113",,INFO,[1000000007743963],routing.{oee}-OEENode,Time taken (OEE:handle): 1593 ,,,,
22-04-15,"11:09:57.684",,INFO,[1000000007743963],routing.{oee}-OEENode,Time taken (OEE:handle): 21 ,,,,
22-04-15,"11:10:18.801",,INFO,[1000000007743964],routing.{oee}-OEENode,Time taken (OEE:handle): 1670 ,,,,
22-04-15,"11:10:18.838",,INFO,[1000000007743965],routing.{oee}-OEENode,Time taken (OEE:handle): 1664 ,,,,
22-04-15,"11:10:22.806",,INFO,[1000000007743965],routing.{oee}-OEENode,Time taken (OEE:handle): 30 ,,,,
22-04-15,"11:15:57.406",,INFO,[1000000007743966],routing.{oee}-OEENode,Time taken (OEE:handle): 1120 ,,,,
22-04-15,"11:16:16.417",,INFO,[1000000007743966],routing.{oee}-OEENode,Time taken (OEE:handle): 30 ,,,,
22-04-15,"11:16:16.454",,INFO,[1000000007743966],routing.{oee}-OEENode,Time taken (OEE:handle): 37 ,,,,
22-04-15,"11:27:44.992",,INFO,[1000000007743967],routing.{oee}-OEENode,Time taken (OEE:handle): 190 ,,,,
22-04-15,"11:28:45.334",,INFO,[1000000007743968],routing.{oee}-OEENode,Time taken (OEE:handle): 39 ,,,,
22-04-15,"11:36:12.706",,INFO,[1000000007743969],routing.{oee}-OEENode,Time taken (OEE:handle): 2276 ,,,,
22-04-15,"11:36:10.549",,INFO,[1000000007743970],routing.{oee}-OEENode,Time taken (OEE:handle): 85 ,,,,
22-04-15,"11:36:10.669",,INFO,[1000000007743970],routing.{oee}-OEENode,Time taken (OEE:handle): 15 ,,,,
22-04-15,"11:36:12.705",,INFO,[1000000007743971],routing.{oee}-OEENode,Time taken (OEE:handle): 2205 ,,,,
22-04-15,"11:37:02.669",,INFO,[1000000007743971],routing.{oee}-OEENode,Time taken (OEE:handle): 19 ,,,,
22-04-15,"11:36:12.695",,INFO,[1000000007743972],routing.{oee}-OEENode,Time taken (OEE:handle): 2156 ,,,,
22-04-15,"11:36:48.859",,INFO,[1000000007743972],routing.{oee}-OEENode,Time taken (OEE:handle): 21 ,,,,
22-04-15,"11:36:12.695",,INFO,[1000000007743973],routing.{oee}-OEENode,Time taken (OEE:handle): 2116 ,,,,
22-04-15,"11:36:12.694",,INFO,[1000000007743974],routing.{oee}-OEENode,Time taken (OEE:handle): 2081 ,,,,
22-04-15,"11:37:02.617",,INFO,[1000000007743974],routing.{oee}-OEENode,Time taken (OEE:handle): 16 ,,,,
22-04-15,"11:36:13.131",,INFO,[1000000007743975],routing.{oee}-OEENode,Time taken (OEE:handle): 1572 ,,,,
22-04-15,"11:37:02.693",,INFO,[1000000007743975],routing.{oee}-OEENode,Time taken (OEE:handle): 24 ,,,,
22-04-15,"11:36:14.408",,INFO,[1000000007743976],routing.{oee}-OEENode,Time taken (OEE:handle): 1379 ,,,,
22-04-15,"11:37:02.634",,INFO,[1000000007743976],routing.{oee}-OEENode,Time taken (OEE:handle): 17 ,,,,
22-04-15,"11:36:18.170",,INFO,[1000000007743977],routing.{oee}-OEENode,Time taken (OEE:handle): 4515 ,,,,
22-04-15,"11:37:27.408",,INFO,[1000000007743977],routing.{oee}-OEENode,Time taken (OEE:handle): 165 ,,,,
22-04-15,"11:36:18.274",,INFO,[1000000007743978],routing.{oee}-OEENode,Time taken (OEE:handle): 4572 ,,,,
22-04-15,"11:37:27.564",,INFO,[1000000007743978],routing.{oee}-OEENode,Time taken (OEE:handle): 22 ,,,,
22-04-15,"11:36:15.414",,INFO,[1000000007743979],routing.{oee}-OEENode,Time taken (OEE:handle): 1674 ,,,,
22-04-15,"11:37:25.127",,INFO,[1000000007743979],routing.{oee}-OEENode,Time taken (OEE:handle): 24 ,,,,
22-04-15,"11:36:15.558",,INFO,[1000000007743980],routing.{oee}-OEENode,Time taken (OEE:handle): 1776 ,,,,
22-04-15,"11:37:27.057",,INFO,[1000000007743980],routing.{oee}-OEENode,Time taken (OEE:handle): 30 ,,,,
22-04-15,"11:36:18.290",,INFO,[1000000007743981],routing.{oee}-OEENode,Time taken (OEE:handle): 4468 ,,,,
22-04-15,"11:36:15.520",,INFO,[1000000007743982],routing.{oee}-OEENode,Time taken (OEE:handle): 1656 ,,,,
22-04-15,"11:37:27.078",,INFO,[1000000007743982],routing.{oee}-OEENode,Time taken (OEE:handle): 21 ,,,,
22-04-15,"11:36:15.616",,INFO,[1000000007743983],routing.{oee}-OEENode,Time taken (OEE:handle): 1710 ,,,,
22-04-15,"11:37:27.097",,INFO,[1000000007743983],routing.{oee}-OEENode,Time taken (OEE:handle): 19 ,,,,
22-04-15,"11:36:15.643",,INFO,[1000000007743984],routing.{oee}-OEENode,Time taken (OEE:handle): 1693 ,,,,
22-04-15,"11:37:27.119",,INFO,[1000000007743984],routing.{oee}-OEENode,Time taken (OEE:handle): 22 ,,,,
22-04-15,"11:36:15.680",,INFO,[1000000007743985],routing.{oee}-OEENode,Time taken (OEE:handle): 1676 ,,,,
22-04-15,"11:36:18.350",,INFO,[1000000007743986],routing.{oee}-OEENode,Time taken (OEE:handle): 4303 ,,,,
22-04-15,"11:37:27.481",,INFO,[1000000007743986],routing.{oee}-OEENode,Time taken (OEE:handle): 22 ,,,,
22-04-15,"11:36:15.738",,INFO,[1000000007743987],routing.{oee}-OEENode,Time taken (OEE:handle): 1650 ,,,,
22-04-15,"11:37:27.006",,INFO,[1000000007743987],routing.{oee}-OEENode,Time taken (OEE:handle): 23 ,,,,
22-04-15,"11:36:18.461",,INFO,[1000000007743988],routing.{oee}-OEENode,Time taken (OEE:handle): 4335 ,,,,
22-04-15,"11:36:15.700",,INFO,[1000000007743989],routing.{oee}-OEENode,Time taken (OEE:handle): 1537 ,,,,
22-04-15,"11:37:27.026",,INFO,[1000000007743989],routing.{oee}-OEENode,Time taken (OEE:handle): 20 ,,,,
22-04-15,"11:36:18.557",,INFO,[1000000007743990],routing.{oee}-OEENode,Time taken (OEE:handle): 3885 ,,,,
22-04-15,"11:37:27.542",,INFO,[1000000007743990],routing.{oee}-OEENode,Time taken (OEE:handle): 20 ,,,,
22-04-15,"11:36:18.626",,INFO,[1000000007743991],routing.{oee}-OEENode,Time taken (OEE:handle): 3472 ,,,,
22-04-15,"11:37:27.503",,INFO,[1000000007743991],routing.{oee}-OEENode,Time taken (OEE:handle): 22 ,,,,
22-04-15,"11:36:17.101",,INFO,[1000000007743992],routing.{oee}-OEENode,Time taken (OEE:handle): 1476 ,,,,
22-04-15,"11:37:27.223",,INFO,[1000000007743992],routing.{oee}-OEENode,Time taken (OEE:handle): 21 ,,,,
22-04-15,"11:36:17.597",,INFO,[1000000007743993],routing.{oee}-OEENode,Time taken (OEE:handle): 1447 ,,,,
22-04-15,"11:37:27.162",,INFO,[1000000007743993],routing.{oee}-OEENode,Time taken (OEE:handle): 22 ,,,,
22-04-15,"11:36:17.719",,INFO,[1000000007743994],routing.{oee}-OEENode,Time taken (OEE:handle): 1535 ,,,,
22-04-15,"11:37:27.202",,INFO,[1000000007743994],routing.{oee}-OEENode,Time taken (OEE:handle): 23 ,,,,
22-04-15,"11:36:17.744",,INFO,[1000000007743995],routing.{oee}-OEENode,Time taken (OEE:handle): 1517 ,,,,
22-04-15,"11:37:27.140",,INFO,[1000000007743995],routing.{oee}-OEENode,Time taken (OEE:handle): 21 ,,,,
22-04-15,"11:36:17.801",,INFO,[1000000007743996],routing.{oee}-OEENode,Time taken (OEE:handle): 1541 ,,,,
22-04-15,"11:37:18.813",,INFO,[1000000007743997],routing.{oee}-OEENode,Time taken (OEE:handle): 625 ,,,,
22-04-15,"11:36:17.929",,INFO,[1000000007743998],routing.{oee}-OEENode,Time taken (OEE:handle): 1592 ,,,,
22-04-15,"11:37:27.243",,INFO,[1000000007743998],routing.{oee}-OEENode,Time taken (OEE:handle): 20 ,,,,
22-04-15,"11:36:16.419",,INFO,[1000000007743999],routing.{oee}-OEENode,Time taken (OEE:handle): 46 ,,,,
22-04-15,"11:36:48.878",,INFO,[1000000007743999],routing.{oee}-OEENode,Time taken (OEE:handle): 19 ,,,,
22-04-15,"11:36:17.972",,INFO,[1000000007744000],routing.{oee}-OEENode,Time taken (OEE:handle): 1552 ,,,,
22-04-15,"11:36:17.140",,INFO,[1000000007744001],routing.{oee}-OEENode,Time taken (OEE:handle): 39 ,,,,
22-04-15,"11:36:48.905",,INFO,[1000000007744001],routing.{oee}-OEENode,Time taken (OEE:handle): 27 ,,,,
22-04-15,"11:36:18.218",,INFO,[1000000007744002],routing.{oee}-OEENode,Time taken (OEE:handle): 1078 ,,,,
22-04-15,"11:36:19.358",,INFO,[1000000007744003],routing.{oee}-OEENode,Time taken (OEE:handle): 1761 ,,,,
22-04-15,"11:37:27.522",,INFO,[1000000007744003],routing.{oee}-OEENode,Time taken (OEE:handle): 19 ,,,,
22-04-15,"11:36:19.183",,INFO,[1000000007744004],routing.{oee}-OEENode,Time taken (OEE:handle): 1463 ,,,,
22-04-15,"11:36:17.774",,INFO,[1000000007744005],routing.{oee}-OEENode,Time taken (OEE:handle): 30 ,,,,
22-04-15,"11:37:02.650",,INFO,[1000000007744005],routing.{oee}-OEENode,Time taken (OEE:handle): 16 ,,,,
22-04-15,"11:36:19.264",,INFO,[1000000007744006],routing.{oee}-OEENode,Time taken (OEE:handle): 1490 ,,,,
22-04-15,"11:37:27.588",,INFO,[1000000007744006],routing.{oee}-OEENode,Time taken (OEE:handle): 24 ,,,,
22-04-15,"11:36:19.393",,INFO,[1000000007744007],routing.{oee}-OEENode,Time taken (OEE:handle): 1592 ,,,,
22-04-15,"11:36:19.407",,INFO,[1000000007744008],routing.{oee}-OEENode,Time taken (OEE:handle): 1478 ,,,,
22-04-15,"11:36:19.472",,INFO,[1000000007744009],routing.{oee}-OEENode,Time taken (OEE:handle): 1500 ,,,,
22-04-15,"11:36:22.185",,INFO,[1000000007744010],routing.{oee}-OEENode,Time taken (OEE:handle): 3971 ,,,,
22-04-15,"11:37:27.820",,INFO,[1000000007744010],routing.{oee}-OEENode,Time taken (OEE:handle): 18 ,,,,
22-04-15,"11:36:19.992",,INFO,[1000000007744011],routing.{oee}-OEENode,Time taken (OEE:handle): 1323 ,,,,
22-04-15,"11:37:27.603",,INFO,[1000000007744011],routing.{oee}-OEENode,Time taken (OEE:handle): 15 ,,,,
22-04-15,"11:36:19.198",,INFO,[1000000007744012],routing.{oee}-OEENode,Time taken (OEE:handle): 37 ,,,,
22-04-15,"11:37:27.179",,INFO,[1000000007744012],routing.{oee}-OEENode,Time taken (OEE:handle): 17 ,,,,
22-04-15,"11:36:21.241",,INFO,[1000000007744013],routing.{oee}-OEENode,Time taken (OEE:handle): 1444 ,,,,
22-04-15,"11:37:27.618",,INFO,[1000000007744013],routing.{oee}-OEENode,Time taken (OEE:handle): 15 ,,,,
22-04-15,"11:36:21.387",,INFO,[1000000007744014],routing.{oee}-OEENode,Time taken (OEE:handle): 1556 ,,,,
22-04-15,"11:37:27.637",,INFO,[1000000007744014],routing.{oee}-OEENode,Time taken (OEE:handle): 19 ,,,,
22-04-15,"11:36:21.392",,INFO,[1000000007744015],routing.{oee}-OEENode,Time taken (OEE:handle): 1527 ,,,,
22-04-15,"11:37:27.658",,INFO,[1000000007744015],routing.{oee}-OEENode,Time taken (OEE:handle): 21 ,,,,
22-04-15,"11:36:21.611",,INFO,[1000000007744016],routing.{oee}-OEENode,Time taken (OEE:handle): 1712 ,,,,
22-04-15,"11:37:27.758",,INFO,[1000000007744016],routing.{oee}-OEENode,Time taken (OEE:handle): 20 ,,,,
22-04-15,"11:36:21.588",,INFO,[1000000007744017],routing.{oee}-OEENode,Time taken (OEE:handle): 1655 ,,,,
22-04-15,"11:37:27.715",,INFO,[1000000007744017],routing.{oee}-OEENode,Time taken (OEE:handle): 21 ,,,,
22-04-15,"11:36:21.455",,INFO,[1000000007744018],routing.{oee}-OEENode,Time taken (OEE:handle): 1491 ,,,,
22-04-15,"11:37:27.694",,INFO,[1000000007744018],routing.{oee}-OEENode,Time taken (OEE:handle): 17 ,,,,
22-04-15,"11:36:21.499",,INFO,[1000000007744019],routing.{oee}-OEENode,Time taken (OEE:handle): 1505 ,,,,
22-04-15,"11:37:27.677",,INFO,[1000000007744019],routing.{oee}-OEENode,Time taken (OEE:handle): 19 ,,,,
22-04-15,"11:36:20.060",,INFO,[1000000007744020],routing.{oee}-OEENode,Time taken (OEE:handle): 35 ,,,,
22-04-15,"11:37:27.458",,INFO,[1000000007744020],routing.{oee}-OEENode,Time taken (OEE:handle): 50 ,,,,
22-04-15,"11:36:22.250",,INFO,[1000000007744021],routing.{oee}-OEENode,Time taken (OEE:handle): 2191 ,,,,
22-04-15,"11:37:27.862",,INFO,[1000000007744021],routing.{oee}-OEENode,Time taken (OEE:handle): 21 ,,,,
22-04-15,"11:37:21.971",,INFO,[1000000007744022],routing.{oee}-OEENode,Time taken (OEE:handle): 616 ,,,,
22-04-15,"11:37:34.348",,INFO,[1000000007744022],routing.{oee}-OEENode,Time taken (OEE:handle): 24 ,,,,
22-04-15,"11:36:21.722",,INFO,[1000000007744023],routing.{oee}-OEENode,Time taken (OEE:handle): 1365 ,,,,
22-04-15,"11:37:27.776",,INFO,[1000000007744023],routing.{oee}-OEENode,Time taken (OEE:handle): 18 ,,,,
22-04-15,"11:36:21.914",,INFO,[1000000007744024],routing.{oee}-OEENode,Time taken (OEE:handle): 1523 ,,,,
22-04-15,"11:37:27.738",,INFO,[1000000007744024],routing.{oee}-OEENode,Time taken (OEE:handle): 23 ,,,,
22-04-15,"11:36:22.047",,INFO,[1000000007744025],routing.{oee}-OEENode,Time taken (OEE:handle): 1623 ,,,,
22-04-15,"11:36:22.065",,INFO,[1000000007744026],routing.{oee}-OEENode,Time taken (OEE:handle): 1049 ,,,,
22-04-15,"11:37:27.802",,INFO,[1000000007744026],routing.{oee}-OEENode,Time taken (OEE:handle): 26 ,,,,
22-04-15,"11:36:23.201",,INFO,[1000000007744027],routing.{oee}-OEENode,Time taken (OEE:handle): 1614 ,,,,
22-04-15,"11:37:27.841",,INFO,[1000000007744027],routing.{oee}-OEENode,Time taken (OEE:handle): 21 ,,,,
22-04-15,"11:36:23.227",,INFO,[1000000007744028],routing.{oee}-OEENode,Time taken (OEE:handle): 1049 ,,,,
22-04-15,"11:37:27.883",,INFO,[1000000007744028],routing.{oee}-OEENode,Time taken (OEE:handle): 21 ,,,,
22-04-15,"11:36:27.359",,INFO,[1000000007744029],routing.{oee}-OEENode,Time taken (OEE:handle): 1619 ,,,,
22-04-15,"11:37:28.769",,INFO,[1000000007744029],routing.{oee}-OEENode,Time taken (OEE:handle): 19 ,,,,
22-04-15,"11:36:27.206",,INFO,[1000000007744030],routing.{oee}-OEENode,Time taken (OEE:handle): 1427 ,,,,
22-04-15,"11:36:27.321",,INFO,[1000000007744031],routing.{oee}-OEENode,Time taken (OEE:handle): 1504 ,,,,
22-04-15,"11:37:28.733",,INFO,[1000000007744031],routing.{oee}-OEENode,Time taken (OEE:handle): 20 ,,,,
22-04-15,"11:36:27.458",,INFO,[1000000007744032],routing.{oee}-OEENode,Time taken (OEE:handle): 1608 ,,,,
22-04-15,"11:37:28.749",,INFO,[1000000007744032],routing.{oee}-OEENode,Time taken (OEE:handle): 16 ,,,,
22-04-15,"11:36:27.608",,INFO,[1000000007744033],routing.{oee}-OEENode,Time taken (OEE:handle): 1718 ,,,,
22-04-15,"11:36:27.407",,INFO,[1000000007744034],routing.{oee}-OEENode,Time taken (OEE:handle): 1484 ,,,,
22-04-15,"11:36:27.578",,INFO,[1000000007744035],routing.{oee}-OEENode,Time taken (OEE:handle): 1619 ,,,,
22-04-15,"11:37:28.789",,INFO,[1000000007744035],routing.{oee}-OEENode,Time taken (OEE:handle): 20 ,,,,
22-04-15,"11:36:27.744",,INFO,[1000000007744036],routing.{oee}-OEENode,Time taken (OEE:handle): 1749 ,,,,
22-04-15,"11:37:28.806",,INFO,[1000000007744036],routing.{oee}-OEENode,Time taken (OEE:handle): 17 ,,,,
22-04-15,"11:36:27.938",,INFO,[1000000007744037],routing.{oee}-OEENode,Time taken (OEE:handle): 1906 ,,,,
22-04-15,"11:36:27.818",,INFO,[1000000007744038],routing.{oee}-OEENode,Time taken (OEE:handle): 1747 ,,,,
22-04-15,"11:36:27.807",,INFO,[1000000007744039],routing.{oee}-OEENode,Time taken (OEE:handle): 1698 ,,,,
22-04-15,"11:36:27.840",,INFO,[1000000007744040],routing.{oee}-OEENode,Time taken (OEE:handle): 1697 ,,,,
22-04-15,"11:36:27.880",,INFO,[1000000007744041],routing.{oee}-OEENode,Time taken (OEE:handle): 1704 ,,,,
22-04-15,"11:36:28.553",,INFO,[1000000007744042],routing.{oee}-OEENode,Time taken (OEE:handle): 1346 ,,,,
22-04-15,"11:37:29.435",,INFO,[1000000007744042],routing.{oee}-OEENode,Time taken (OEE:handle): 23 ,,,,
22-04-15,"11:36:28.709",,INFO,[1000000007744043],routing.{oee}-OEENode,Time taken (OEE:handle): 1388 ,,,,
22-04-15,"11:37:30.338",,INFO,[1000000007744043],routing.{oee}-OEENode,Time taken (OEE:handle): 23 ,,,,
22-04-15,"11:36:28.814",,INFO,[1000000007744044],routing.{oee}-OEENode,Time taken (OEE:handle): 1455 ,,,,
22-04-15,"11:37:32.000",,INFO,[1000000007744044],routing.{oee}-OEENode,Time taken (OEE:handle): 23 ,,,,
22-04-15,"11:36:32.101",,INFO,[1000000007744045],routing.{oee}-OEENode,Time taken (OEE:handle): 4694 ,,,,
22-04-15,"11:36:29.881",,INFO,[1000000007744046],routing.{oee}-OEENode,Time taken (OEE:handle): 2423 ,,,,
22-04-15,"11:37:34.207",,INFO,[1000000007744046],routing.{oee}-OEENode,Time taken (OEE:handle): 18 ,,,,
22-04-15,"11:36:30.107",,INFO,[1000000007744047],routing.{oee}-OEENode,Time taken (OEE:handle): 2529 ,,,,
22-04-15,"11:37:32.905",,INFO,[1000000007744047],routing.{oee}-OEENode,Time taken (OEE:handle): 23 ,,,,
22-04-15,"11:36:28.959",,INFO,[1000000007744048],routing.{oee}-OEENode,Time taken (OEE:handle): 1351 ,,,,
22-04-15,"11:37:31.792",,INFO,[1000000007744048],routing.{oee}-OEENode,Time taken (OEE:handle): 20 ,,,,
22-04-15,"11:36:30.573",,INFO,[1000000007744049],routing.{oee}-OEENode,Time taken (OEE:handle): 2829 ,,,,
22-04-15,"11:37:32.190",,INFO,[1000000007744049],routing.{oee}-OEENode,Time taken (OEE:handle): 19 ,,,,
22-04-15,"12:32:04.223",,INFO,[1000000007744051],routing.{oee}-OEENode,Time taken (OEE:handle): 251 ,,,,
22-04-15,"12:32:04.805",,INFO,[1000000007744052],routing.{oee}-OEENode,Time taken (OEE:handle): 188 ,,,,
22-04-15,"12:32:05.890",,INFO,[1000000007744053],routing.{oee}-OEENode,Time taken (OEE:handle): 220 ,,,,
22-04-15,"12:32:08.486",,INFO,[1000000007744054],routing.{oee}-OEENode,Time taken (OEE:handle): 224 ,,,,
22-04-15,"12:32:09.054",,INFO,[1000000007744055],routing.{oee}-OEENode,Time taken (OEE:handle): 228 ,,,,
22-04-15,"12:32:11.684",,INFO,[1000000007744056],routing.{oee}-OEENode,Time taken (OEE:handle): 216 ,,,,
22-04-15,"12:32:13.266",,INFO,[1000000007744057],routing.{oee}-OEENode,Time taken (OEE:handle): 398 ,,,,
22-04-15,"12:32:13.952",,INFO,[1000000007744058],routing.{oee}-OEENode,Time taken (OEE:handle): 264 ,,,,
22-04-15,"12:32:14.601",,INFO,[1000000007744059],routing.{oee}-OEENode,Time taken (OEE:handle): 22 ,,,,
22-04-15,"12:32:18.063",,INFO,[1000000007744060],routing.{oee}-OEENode,Time taken (OEE:handle): 187 ,,,,
22-04-15,"12:32:19.487",,INFO,[1000000007744061],routing.{oee}-OEENode,Time taken (OEE:handle): 183 ,,,,
22-04-15,"12:32:20.234",,INFO,[1000000007744062],routing.{oee}-OEENode,Time taken (OEE:handle): 213 ,,,,
22-04-15,"12:32:22.927",,INFO,[1000000007744063],routing.{oee}-OEENode,Time taken (OEE:handle): 561 ,,,,
22-04-15,"12:32:23.096",,INFO,[1000000007744064],routing.{oee}-OEENode,Time taken (OEE:handle): 226 ,,,,
22-04-15,"12:32:26.019",,INFO,[1000000007744065],routing.{oee}-OEENode,Time taken (OEE:handle): 229 ,,,,
22-04-15,"12:32:27.467",,INFO,[1000000007744066],routing.{oee}-OEENode,Time taken (OEE:handle): 226 ,,,,
22-04-15,"12:32:28.834",,INFO,[1000000007744067],routing.{oee}-OEENode,Time taken (OEE:handle): 219 ,,,,
22-04-15,"12:32:29.250",,INFO,[1000000007744068],routing.{oee}-OEENode,Time taken (OEE:handle): 186 ,,,,
22-04-15,"12:32:30.377",,INFO,[1000000007744069],routing.{oee}-OEENode,Time taken (OEE:handle): 17 ,,,,
22-04-15,"12:32:33.455",,INFO,[1000000007744070],routing.{oee}-OEENode,Time taken (OEE:handle): 378 ,,,,
22-04-15,"12:32:34.854",,INFO,[1000000007744071],routing.{oee}-OEENode,Time taken (OEE:handle): 224 ,,,,
22-04-15,"12:32:35.250",,INFO,[1000000007744072],routing.{oee}-OEENode,Time taken (OEE:handle): 220 ,,,,
22-04-15,"12:32:38.081",,INFO,[1000000007744073],routing.{oee}-OEENode,Time taken (OEE:handle): 263 ,,,,
22-04-15,"12:32:40.005",,INFO,[1000000007744074],routing.{oee}-OEENode,Time taken (OEE:handle): 229 ,,,,
22-04-15,"12:32:40.332",,INFO,[1000000007744075],routing.{oee}-OEENode,Time taken (OEE:handle): 194 ,,,,
22-04-15,"12:32:42.806",,INFO,[1000000007744076],routing.{oee}-OEENode,Time taken (OEE:handle): 220 ,,,,
22-04-15,"12:32:46.217",,INFO,[1000000007744078],routing.{oee}-OEENode,Time taken (OEE:handle): 198 ,,,,
22-04-15,"12:48:07.197",,INFO,[1000000007744079],routing.{oee}-OEENode,Time taken (OEE:handle): 204 ,,,,
22-04-15,"12:48:09.655",,INFO,[1000000007744080],routing.{oee}-OEENode,Time taken (OEE:handle): 192 ,,,,
22-04-15,"14:03:17.059",,INFO,[1000000007744081],routing.{oee}-OEENode,Time taken (OEE:handle): 211 ,,,,
22-04-15,"14:37:38.597",,INFO,[1000000007744082],routing.{oee}-OEENode,Time taken (OEE:handle): 153 ,,,,
22-04-15,"14:39:46.516",,INFO,[1000000007744083],routing.{oee}-OEENode,Time taken (OEE:handle): 38 ,,,,
22-04-15,"14:43:21.629",,INFO,[1000000007744084],routing.{oee}-OEENode,Time taken (OEE:handle): 198 ,,,,
22-04-15,"15:06:06.779",,INFO,[1000000007744085],routing.{oee}-OEENode,Time taken (OEE:handle): 30 ,,,,
22-04-15,"15:03:55.454",,INFO,[1000000007744086],routing.{oee}-OEENode,Time taken (OEE:handle): 262 ,,,,
22-04-15,"15:14:15.447",,INFO,[1000000007744087],routing.{oee}-OEENode,Time taken (OEE:handle): 274 ,,,,
22-04-15,"15:15:05.039",,INFO,[1000000007744088],routing.{oee}-OEENode,Time taken (OEE:handle): 43 ,,,,
22-04-15,"15:26:01.089",,INFO,[1000000007744089],routing.{oee}-OEENode,Time taken (OEE:handle): 5235 ,,,,
22-04-15,"15:26:01.315",,INFO,[1000000007744092],routing.{oee}-OEENode,Time taken (OEE:handle): 5907 ,,,,
22-04-15,"15:26:06.082",,INFO,[1000000007744094],routing.{oee}-OEENode,Time taken (OEE:handle): 203 ,,,,
22-04-15,"15:26:02.000",,INFO,[1000000007744095],routing.{oee}-OEENode,Time taken (OEE:handle): 214 ,,,,
22-04-15,"15:26:03.871",,INFO,[1000000007744096],routing.{oee}-OEENode,Time taken (OEE:handle): 306 ,,,,
22-04-15,"15:26:06.258",,INFO,[1000000007744098],routing.{oee}-OEENode,Time taken (OEE:handle): 207 ,,,,
22-04-15,"15:26:06.779",,INFO,[1000000007744100],routing.{oee}-OEENode,Time taken (OEE:handle): 242 ,,,,
22-04-15,"15:26:08.136",,INFO,[1000000007744102],routing.{oee}-OEENode,Time taken (OEE:handle): 217 ,,,,
22-04-15,"15:26:10.718",,INFO,[1000000007744103],routing.{oee}-OEENode,Time taken (OEE:handle): 186 ,,,,
22-04-15,"15:26:47.647",,INFO,[1000000007744105],routing.{oee}-OEENode,Time taken (OEE:handle): 38 ,,,,
22-04-15,"15:26:10.076",,INFO,[1000000007744106],routing.{oee}-OEENode,Time taken (OEE:handle): 442 ,,,,
22-04-15,"15:26:09.520",,INFO,[1000000007744107],routing.{oee}-OEENode,Time taken (OEE:handle): 192 ,,,,
22-04-15,"15:26:09.610",,INFO,[1000000007744108],routing.{oee}-OEENode,Time taken (OEE:handle): 147 ,,,,
22-04-15,"15:26:12.742",,INFO,[1000000007744109],routing.{oee}-OEENode,Time taken (OEE:handle): 183 ,,,,
22-04-15,"15:27:21.983",,INFO,[1000000007744110],routing.{oee}-OEENode,Time taken (OEE:handle): 28 ,,,,
22-04-15,"15:26:19.784",,INFO,[1000000007744111],routing.{oee}-OEENode,Time taken (OEE:handle): 186 ,,,,
22-04-15,"15:26:14.440",,INFO,[1000000007744112],routing.{oee}-OEENode,Time taken (OEE:handle): 290 ,,,,
22-04-15,"15:28:11.247",,INFO,[1000000007744113],routing.{oee}-OEENode,Time taken (OEE:handle): 25 ,,,,
22-04-15,"15:26:15.692",,INFO,[1000000007744114],routing.{oee}-OEENode,Time taken (OEE:handle): 185 ,,,,
22-04-15,"15:31:14.992",,INFO,[1000000007744115],routing.{oee}-OEENode,Time taken (OEE:handle): 504 ,,,,
22-04-15,"15:31:15.664",,INFO,[1000000007744116],routing.{oee}-OEENode,Time taken (OEE:handle): 217 ,,,,
22-04-15,"15:31:51.587",,INFO,[1000000007744118],routing.{oee}-OEENode,Time taken (OEE:handle): 362 ,,,,
22-04-15,"15:31:49.248",,INFO,[1000000007744119],routing.{oee}-OEENode,Time taken (OEE:handle): 484 ,,,,
22-04-15,"15:31:49.256",,INFO,[1000000007744120],routing.{oee}-OEENode,Time taken (OEE:handle): 234 ,,,,
22-04-15,"15:31:50.085",,INFO,[1000000007744121],routing.{oee}-OEENode,Time taken (OEE:handle): 227 ,,,,
22-04-15,"15:31:51.710",,INFO,[1000000007744122],routing.{oee}-OEENode,Time taken (OEE:handle): 1048 ,,,,
22-04-15,"15:31:52.810",,INFO,[1000000007744123],routing.{oee}-OEENode,Time taken (OEE:handle): 241 ,,,,
22-04-15,"15:32:00.265",,INFO,[1000000007744124],routing.{oee}-OEENode,Time taken (OEE:handle): 4330 ,,,,
22-04-15,"15:32:00.336",,INFO,[1000000007744125],routing.{oee}-OEENode,Time taken (OEE:handle): 7324 ,,,,
22-04-15,"15:32:01.165",,INFO,[1000000007744126],routing.{oee}-OEENode,Time taken (OEE:handle): 188 ,,,,
22-04-15,"15:32:04.214",,INFO,[1000000007744128],routing.{oee}-OEENode,Time taken (OEE:handle): 310 ,,,,
22-04-15,"15:32:03.268",,INFO,[1000000007744129],routing.{oee}-OEENode,Time taken (OEE:handle): 429 ,,,,
22-04-15,"15:32:10.183",,INFO,[1000000007744130],routing.{oee}-OEENode,Time taken (OEE:handle): 464 ,,,,
22-04-15,"15:32:07.892",,INFO,[1000000007744131],routing.{oee}-OEENode,Time taken (OEE:handle): 182 ,,,,
22-04-15,"15:32:03.695",,INFO,[1000000007744132],routing.{oee}-OEENode,Time taken (OEE:handle): 224 ,,,,
22-04-15,"15:32:05.828",,INFO,[1000000007744133],routing.{oee}-OEENode,Time taken (OEE:handle): 715 ,,,,
22-04-15,"15:32:26.471",,INFO,[1000000007744134],routing.{oee}-OEENode,Time taken (OEE:handle): 110 ,,,,
22-04-15,"15:32:33.140",,INFO,[1000000007744135],routing.{oee}-OEENode,Time taken (OEE:handle): 209 ,,,,
22-04-15,"15:33:00.916",,INFO,[1000000007744136],routing.{oee}-OEENode,Time taken (OEE:handle): 167 ,,,,
22-04-15,"15:33:03.362",,INFO,[1000000007744137],routing.{oee}-OEENode,Time taken (OEE:handle): 288 ,,,,
22-04-15,"15:33:33.512",,INFO,[1000000007744138],routing.{oee}-OEENode,Time taken (OEE:handle): 114 ,,,,
22-04-15,"15:34:05.690",,INFO,[1000000007744139],routing.{oee}-OEENode,Time taken (OEE:handle): 119 ,,,,
22-04-15,"15:34:38.639",,INFO,[1000000007744140],routing.{oee}-OEENode,Time taken (OEE:handle): 124 ,,,,
22-04-15,"15:35:11.337",,INFO,[1000000007744141],routing.{oee}-OEENode,Time taken (OEE:handle): 112 ,,,,
22-04-15,"15:35:44.108",,INFO,[1000000007744142],routing.{oee}-OEENode,Time taken (OEE:handle): 443 ,,,,
22-04-15,"15:36:16.027",,INFO,[1000000007744143],routing.{oee}-OEENode,Time taken (OEE:handle): 109 ,,,,
22-04-15,"15:36:48.311",,INFO,[1000000007744144],routing.{oee}-OEENode,Time taken (OEE:handle): 112 ,,,,
22-04-15,"15:37:20.749",,INFO,[1000000007744145],routing.{oee}-OEENode,Time taken (OEE:handle): 168 ,,,,
22-04-15,"15:37:58.176",,INFO,[1000000007744146],routing.{oee}-OEENode,Time taken (OEE:handle): 152 ,,,,
22-04-15,"15:38:32.958",,INFO,[1000000007744148],routing.{oee}-OEENode,Time taken (OEE:handle): 113 ,,,,
22-04-15,"15:39:04.231",,INFO,[1000000007744149],routing.{oee}-OEENode,Time taken (OEE:handle): 115 ,,,,
22-04-15,"15:39:35.748",,INFO,[1000000007744150],routing.{oee}-OEENode,Time taken (OEE:handle): 112 ,,,,
22-04-15,"15:40:09.017",,INFO,[1000000007744151],routing.{oee}-OEENode,Time taken (OEE:handle): 110 ,,,,
22-04-15,"15:40:40.539",,INFO,[1000000007744152],routing.{oee}-OEENode,Time taken (OEE:handle): 116 ,,,,
22-04-15,"15:41:13.726",,INFO,[1000000007744153],routing.{oee}-OEENode,Time taken (OEE:handle): 111 ,,,,
22-04-15,"15:41:45.199",,INFO,[1000000007744154],routing.{oee}-OEENode,Time taken (OEE:handle): 109 ,,,,
22-04-15,"15:42:17.968",,INFO,[1000000007744155],routing.{oee}-OEENode,Time taken (OEE:handle): 120 ,,,,
22-04-15,"15:42:50.551",,INFO,[1000000007744156],routing.{oee}-OEENode,Time taken (OEE:handle): 112 ,,,,
22-04-15,"15:43:23.608",,INFO,[1000000007744157],routing.{oee}-OEENode,Time taken (OEE:handle): 112 ,,,,
22-04-15,"15:44:55.371",,INFO,[1000000007744158],routing.{oee}-OEENode,Time taken (OEE:handle): 432 ,,,,
22-04-15,"15:45:28.362",,INFO,[1000000007744159],routing.{oee}-OEENode,Time taken (OEE:handle): 114 ,,,,
22-04-15,"15:45:01.163",,INFO,[1000000007744160],routing.{oee}-OEENode,Time taken (OEE:handle): 115 ,,,,
22-04-15,"15:45:34.218",,INFO,[1000000007744161],routing.{oee}-OEENode,Time taken (OEE:handle): 296 ,,,,
22-04-15,"15:46:06.799",,INFO,[1000000007744162],routing.{oee}-OEENode,Time taken (OEE:handle): 113 ,,,,
22-04-15,"15:46:38.279",,INFO,[1000000007744163],routing.{oee}-OEENode,Time taken (OEE:handle): 113 ,,,,
22-04-15,"15:47:10.801",,INFO,[1000000007744164],routing.{oee}-OEENode,Time taken (OEE:handle): 109 ,,,,
22-04-15,"17:08:39.786",,INFO,[1000000007744167],routing.{oee}-OEENode,Time taken (OEE:handle): 137 ,,,,
22-04-15,"17:09:11.216",,INFO,[1000000007744168],routing.{oee}-OEENode,Time taken (OEE:handle): 114 ,,,,
22-04-15,"17:09:42.605",,INFO,[1000000007744169],routing.{oee}-OEENode,Time taken (OEE:handle): 117 ,,,,
22-04-15,"17:10:17.550",,INFO,[1000000007744171],routing.{oee}-OEENode,Time taken (OEE:handle): 232 ,,,,
22-04-15,"17:10:46.956",,INFO,[1000000007744172],routing.{oee}-OEENode,Time taken (OEE:handle): 110 ,,,,
22-04-15,"17:11:20.256",,INFO,[1000000007744173],routing.{oee}-OEENode,Time taken (OEE:handle): 109 ,,,,
22-04-15,"17:11:51.479",,INFO,[1000000007744174],routing.{oee}-OEENode,Time taken (OEE:handle): 125 ,,,,
22-04-15,"17:12:23.525",,INFO,[1000000007744175],routing.{oee}-OEENode,Time taken (OEE:handle): 115 ,,,,
22-04-15,"17:12:57.194",,INFO,[1000000007744176],routing.{oee}-OEENode,Time taken (OEE:handle): 182 ,,,,
22-04-15,"17:13:27.066",,INFO,[1000000007744177],routing.{oee}-OEENode,Time taken (OEE:handle): 112 ,,,,
22-04-15,"17:13:59.308",,INFO,[1000000007744178],routing.{oee}-OEENode,Time taken (OEE:handle): 113 ,,,,
22-04-15,"17:14:30.924",,INFO,[1000000007744179],routing.{oee}-OEENode,Time taken (OEE:handle): 116 ,,,,
22-04-15,"17:15:03.697",,INFO,[1000000007744180],routing.{oee}-OEENode,Time taken (OEE:handle): 118 ,,,,
22-04-15,"17:15:38.425",,INFO,[1000000007744181],routing.{oee}-OEENode,Time taken (OEE:handle): 1848 ,,,,
22-04-15,"17:16:08.563",,INFO,[1000000007744182],routing.{oee}-OEENode,Time taken (OEE:handle): 112 ,,,,
22-04-15,"17:16:39.522",,INFO,[1000000007744183],routing.{oee}-OEENode,Time taken (OEE:handle): 117 ,,,,
22-04-15,"17:17:12.307",,INFO,[1000000007744184],routing.{oee}-OEENode,Time taken (OEE:handle): 180 ,,,,
